arxiv sage,"pseudo 2 batches25,35,40,40,40","pseudo 4 batches25,35,40,40,40","pseudo 8 batches25,35,40,40,40","pseudo 16 batches25,35,40,40,40","pseudo 32 batches25,35,40,40,40","pseudo 64 batches25,35,40,40,40"
final layer output nodes/pure train time,360325.60544577555,1913322.331616146,872316.1646777934,485085.89989609865,187661.31697700493,119747.00300313876
all layers input nodes//pure train time,6337112.326096608,63574495.36002247,53997963.84318927,55534747.81977381,39500207.2326157,45974051.91403853
average train time per epoch,0.25238561630249023,0.047530412673950195,0.10425233840942383,0.18747401237487793,0.4846017360687256,0.7594428062438965
average number of nodes for computation,1599396.0,3021722.0,5629414.0,10411322.0,19141869.0,34914663.0
average first layer num of input nodes,335675.0,669742.5,1335463.0,2660181.5,5287538.0,10474990.5
redundancy rate (first layer input),1.9942431767683368,3.978936205605922,7.933977733154311,15.8041224557693,31.413231781941754,62.23185620418008
average load block input feature time per epoch,0.09355282783508301,0.766007661819458,1.5480811595916748,2.901609182357788,5.099985122680664,9.007600545883179
average block to device time per epoch,0.06577610969543457,0.17116808891296387,0.30528950691223145,0.645451545715332,1.1258265972137451,2.1943681240081787
average dataloading time per epoch,0.15932893753051758,0.9371757507324219,1.8533706665039062,3.54706072807312,6.225811719894409,11.201968669891357
