arxiv sage,"pseudo 2 batches25,70,80","pseudo 4 batches25,70,80","pseudo 8 batches25,70,80","pseudo 16 batches25,70,80","pseudo 32 batches25,70,80","pseudo 64 batches25,70,80"
final layer output nodes/pure train time,,,,3602.1160908917686,1971.8960121906632,1033.8443713848897
all layers input nodes//pure train time,,,,210616.46971801878,197556.82866172103,173482.80522542878
average train time per epoch,,,,25.246548891067505,46.1185576915741,87.96391654014587
average number of nodes for computation,,,,5317339.0,9111036.0,15260227.0
average first layer num of input nodes,,,,2509075.0,4761891.5,8806472.0
redundancy rate (first layer input),,,,14.911980934155082,28.30096161275177,52.33878722683482
average load block input feature time per epoch,,,,0.5551474094390869,1.0645689964294434,1.6493399143218994
average block to device time per epoch,,,,0.39545345306396484,0.6924967765808105,1.1010379791259766
average dataloading time per epoch,,,,0.9506008625030518,1.757065773010254,2.750377893447876
