arxiv sage,"pseudo 2 batches25,35,40,40","pseudo 4 batches25,35,40,40","pseudo 8 batches25,35,40,40","pseudo 16 batches25,35,40,40","pseudo 32 batches25,35,40,40","pseudo 64 batches25,35,40,40"
final layer output nodes/pure train time,1138099.95543488,932900.7581010055,1157000.682684462,458710.9382816117,286166.7226074698,142836.7287644907
all layers input nodes//pure train time,15810242.146000298,24129519.500553966,54617681.5270797,39085046.04120332,43539753.45581731,38254555.28369197
average train time per epoch,0.07990598678588867,0.09748196601867676,0.07860064506530762,0.19825339317321777,0.31779026985168457,0.6366779804229736
average number of nodes for computation,1263333.0,2352193.0,4292985.0,7748743.0,13836510.0,24355833.0
average first layer num of input nodes,334904.5,666755.5,1324178.0,2618679.5,5145086.0,10010565.0
redundancy rate (first layer input),1.9920562693314299,3.965949916726148,7.8763859148227455,15.5762520818463,30.603652153223887,59.54416488222698
average load block input feature time per epoch,0.1007535457611084,0.19819021224975586,0.4468812942504883,0.7229321002960205,1.2970788478851318,1.7147483825683594
average block to device time per epoch,0.07250475883483887,0.11992287635803223,0.20442509651184082,0.3659636974334717,0.6839134693145752,1.2593214511871338
average dataloading time per epoch,0.17325830459594727,0.3181130886077881,0.6513063907623291,1.0888957977294922,1.980992317199707,2.974069833755493
