arxiv sage,"pseudo 2 batches25,35,40,40,40,40","pseudo 4 batches25,35,40,40,40,40","pseudo 8 batches25,35,40,40,40,40","pseudo 16 batches25,35,40,40,40,40","pseudo 32 batches25,35,40,40,40,40","pseudo 64 batches25,35,40,40,40,40"
final layer output nodes/pure train time,2143153.6485633054,2483602.7898242623,2399198.6619030847,2801737.891789455,710912.1001971887,2773804.658934064
all layers input nodes//pure train time,44157670.595332004,51156274.804617755,49412185.14205203,57709404.767140195,14643525.990121929,57149691.02383047
average train time per epoch,0.04243326187133789,0.03661656379699707,0.03790473937988281,0.03245878219604492,0.12792158126831055,0.032785654067993164
average number of nodes for computation,1873754.0,1873167.0,1872956.0,1873177.0,1873223.0,1873690.0
average first layer num of input nodes,335882.5,335795.0,335864.0,335884.5,335869.0,335881.5
redundancy rate (first layer input),1.994160882962365,1.9936413885639988,1.9940510470038533,1.9941727571200418,1.9940807323980456,1.9941549458835264
average load block input feature time per epoch,0.1395740509033203,0.14747357368469238,0.1518864631652832,0.14944863319396973,0.15056824684143066,0.15674853324890137
average block to device time per epoch,0.10486268997192383,0.11742067337036133,0.10271310806274414,0.10806894302368164,0.12159299850463867,0.11613583564758301
average dataloading time per epoch,0.24443674087524414,0.2648942470550537,0.25459957122802734,0.25751757621765137,0.27216124534606934,0.2728843688964844
