arxiv sage,"pseudo 2 batches25,35,40,40,40","pseudo 4 batches25,35,40,40,40","pseudo 8 batches25,35,40,40,40","pseudo 16 batches25,35,40,40,40","pseudo 32 batches25,35,40,40,40","pseudo 64 batches25,35,40,40,40"
final layer output nodes/pure train time,,20217.437225106067,10768.261840320656,5232.511251997631,2754.542074276825,1420.608588245062
all layers input nodes//pure train time,,671746.6443181719,666813.9072992248,599412.9009848105,579927.3509853559,545078.3815873099
average train time per epoch,,4.4981467723846436,8.445281267166138,17.37999129295349,33.01492500305176,64.01552176475525
average number of nodes for computation,,3021615.0,5631431.0,10417791.0,19146258.0,34893477.0
average first layer num of input nodes,,669673.5,1336055.0,2660775.5,5288087.0,10474694.5
redundancy rate (first layer input),,3.9782190275343807,7.936881813051356,15.806430629399708,31.41406718745359,62.22529182879377
average load block input feature time per epoch,,0.18155908584594727,0.33748602867126465,0.6912240982055664,1.285292148590088,2.558483600616455
average block to device time per epoch,,0.180908203125,0.3629415035247803,0.6735115051269531,1.2078490257263184,2.279008626937866
average dataloading time per epoch,,0.36246728897094727,0.7004275321960449,1.3647356033325195,2.4931411743164062,4.837492227554321
