arxiv sage,"pseudo 2 batches25,35,40,40","pseudo 4 batches25,35,40,40","pseudo 8 batches25,35,40,40","pseudo 16 batches25,35,40,40","pseudo 32 batches25,35,40,40","pseudo 64 batches25,35,40,40"
final layer output nodes/pure train time,53601.06732499851,52117.61785962817,55441.19473405293,46689.73281080774,47038.69036296456,49237.25881540924
all layers input nodes//pure train time,703552.5409832932,684312.7297659604,728178.0063924623,613059.1256901235,617895.5938253874,646169.9232491715
average train time per epoch,1.6966266632080078,1.7449185848236084,1.6403145790100098,1.9477729797363281,1.9333233833312988,1.8469955921173096
average number of nodes for computation,1193666.0,1194070.0,1194441.0,1194100.0,1194592.0,1193473.0
average first layer num of input nodes,333730.5,333646.0,333623.5,333652.5,333653.0,333688.0
redundancy rate (first layer input),1.9853329605349261,1.9848302775761757,1.984696427084201,1.9848689454960797,1.9848719199514568,1.9850801318278624
average load block input feature time per epoch,0.07847452163696289,0.08620095252990723,0.10024714469909668,0.08874106407165527,0.0815134048461914,0.08063721656799316
average block to device time per epoch,0.05781078338623047,0.10664939880371094,0.07448434829711914,0.07808041572570801,0.061368465423583984,0.06354260444641113
average dataloading time per epoch,0.13628530502319336,0.19285035133361816,0.17473149299621582,0.16682147979736328,0.1428818702697754,0.1441798210144043
