arxiv sage,"pseudo 2 batches50,70,80","pseudo 4 batches50,70,80","pseudo 8 batches50,70,80","pseudo 16 batches50,70,80","pseudo 32 batches50,70,80","pseudo 64 batches50,70,80"
final layer output nodes/pure train time,1484122.0188475156,1301983.179039063,1448227.6561014503,603727.1348387699,397237.91320286266,165795.68711847372
all layers input nodes//pure train time,15373125.3683203,24663676.915388923,48713151.15729365,35395739.681310035,40014404.30676431,28114017.744831413
average train time per epoch,0.06127595901489258,0.06984806060791016,0.06279468536376953,0.15063261985778809,0.22893333435058594,0.5485124588012695
average number of nodes for computation,942003.0,1722710.0,3058927.0,5331753.0,9160631.0,15420889.0
average first layer num of input nodes,334822.5,662875.0,1300818.0,2521297.5,4807965.5,8959600.0
redundancy rate (first layer input),1.9892966633395124,3.938370407338752,7.728611150720091,14.97990339369742,28.565791506250296,53.2320927800751
average load block input feature time per epoch,0.10794615745544434,0.17921161651611328,0.333510160446167,0.49466729164123535,0.8753950595855713,1.3365356922149658
average block to device time per epoch,0.05734992027282715,0.08747434616088867,0.14502263069152832,0.22953271865844727,0.4514296054840088,0.8422210216522217
average dataloading time per epoch,0.16529607772827148,0.26668596267700195,0.4785327911376953,0.7242000102996826,1.32682466506958,2.1787567138671875
