arxiv sage,"pseudo 2 batches25,35,40,40,40,40","pseudo 4 batches25,35,40,40,40,40","pseudo 8 batches25,35,40,40,40,40","pseudo 16 batches25,35,40,40,40,40","pseudo 32 batches25,35,40,40,40,40","pseudo 64 batches25,35,40,40,40,40"
final layer output nodes/pure train time,2378938.2433609003,2803302.80940132,928459.0764047953,2478776.969482714,2545626.9733780925,2333202.023868217
all layers input nodes//pure train time,48877121.40423356,57577708.42926227,19062472.31217185,50923178.96833897,52290085.28973098,48024153.505496055
average train time per epoch,0.03822755813598633,0.0324406623840332,0.09794831275939941,0.03668785095214844,0.03572440147399902,0.03897690773010254
average number of nodes for computation,1868453.0,1867859.0,1867137.0,1868262.0,1868032.0,1871833.0
average first layer num of input nodes,335852.5,335963.0,335919.5,335915.0,335921.0,335858.0
redundancy rate (first layer input),1.993746030049925,1.9944019993707445,1.9941437671041775,1.9941170534214292,1.9941526716650935,1.9937786801066173
average load block input feature time per epoch,0.13282537460327148,0.13635754585266113,0.1365509033203125,0.13381695747375488,0.1201934814453125,0.1371772289276123
average block to device time per epoch,0.09989023208618164,0.1122441291809082,0.10183882713317871,0.12134861946105957,0.1043555736541748,0.11547684669494629
average dataloading time per epoch,0.23271560668945312,0.24860167503356934,0.2383897304534912,0.25516557693481445,0.2245490550994873,0.2526540756225586
