arxiv sage,"pseudo 2 batches25,35,40,40,40,40","pseudo 4 batches25,35,40,40,40,40","pseudo 8 batches25,35,40,40,40,40","pseudo 16 batches25,35,40,40,40,40","pseudo 32 batches25,35,40,40,40,40","pseudo 64 batches25,35,40,40,40,40"
final layer output nodes/pure train time,427816.3359414256,1362703.0119109715,274000.9094692804,389533.77586557285,197340.94760896885,97338.36366373861
all layers input nodes//pure train time,9104700.880625943,55336716.91203601,21013053.549631454,56089676.89879668,53147683.64058195,48767398.949852526
average train time per epoch,0.2125701904296875,0.06673574447631836,0.33190035820007324,0.2334611415863037,0.460831880569458,0.9342770576477051
average number of nodes for computation,1935388.0,3692937.0,6974240.0,13094760.0,24492147.0,45562262.0
average first layer num of input nodes,336070.5,671042.0,1340322.5,2675200.0,5337801.0,10637442.5
redundancy rate (first layer input),1.9952770537839972,3.984029257924516,7.957600351475067,15.882873308674666,31.69094536106345,63.15533476219031
average load block input feature time per epoch,0.09446907043457031,0.3529775142669678,0.5288329124450684,1.1367125511169434,2.039576292037964,4.1732497215271
average block to device time per epoch,0.11789894104003906,0.20742225646972656,0.36804628372192383,0.6538488864898682,1.3800833225250244,2.78873348236084
average dataloading time per epoch,0.21236801147460938,0.5603997707366943,0.8968791961669922,1.7905614376068115,3.4196596145629883,6.9619832038879395
