arxiv sage,"pseudo 2 batches50,70,80","pseudo 4 batches50,70,80","pseudo 8 batches50,70,80","pseudo 16 batches50,70,80","pseudo 32 batches50,70,80","pseudo 64 batches50,70,80"
final layer output nodes/pure train time,1790426.2562793077,1501727.186006134,1122060.004718466,767749.7530579424,405246.4834303685,190995.76284999814
all layers input nodes//pure train time,18549371.997915894,28444966.29462553,37727760.840192854,44988070.546518765,40807582.4978454,32401293.58538908
average train time per epoch,0.05079293251037598,0.06055760383605957,0.08104825019836426,0.11845135688781738,0.2244091033935547,0.47614145278930664
average number of nodes for computation,942177.0,1722559.0,3057769.0,5328898.0,9157593.0,15427599.0
average first layer num of input nodes,334894.5,662857.0,1300848.0,2521745.0,4805721.0,8966117.5
redundancy rate (first layer input),1.9894053071480762,3.9376318024937773,7.727549765651453,14.980159083753616,28.54787660613405,53.262271369082626
average load block input feature time per epoch,0.0837244987487793,0.1849348545074463,0.24292731285095215,0.4928605556488037,0.6456954479217529,1.3729140758514404
average block to device time per epoch,0.059703826904296875,0.08811402320861816,0.14117646217346191,0.26134586334228516,0.36069440841674805,1.0876226425170898
average dataloading time per epoch,0.14342832565307617,0.27304887771606445,0.38410377502441406,0.7542064189910889,1.006389856338501,2.4605367183685303
