arxiv sage,"pseudo 2 batches25,35,40,40","pseudo 4 batches25,35,40,40","pseudo 8 batches25,35,40,40","pseudo 16 batches25,35,40,40","pseudo 32 batches25,35,40,40","pseudo 64 batches25,35,40,40"
final layer output nodes/pure train time,1137716.3601829011,653353.3171134444,731230.9613540554,605521.2747889835,245198.32996210502,152577.4639467059
all layers input nodes//pure train time,15796618.86841077,16885958.545252737,34510175.897245765,51574704.12199509,37313569.02295748,40882314.477725446
average train time per epoch,0.07993292808532715,0.1391911506652832,0.12436699867248535,0.15018630027770996,0.37088751792907715,0.596031665802002
average number of nodes for computation,1262670.0,2350376.0,4291927.0,7745814.0,13839137.0,24367154.0
average first layer num of input nodes,334838.5,666689.0,1323759.0,2617596.0,5144615.0,10013792.5
redundancy rate (first layer input),1.9916636926005233,3.965554365929098,7.873893647394718,15.569807280513919,30.600850582916966,59.563362479181535
average load block input feature time per epoch,0.06510329246520996,0.18573999404907227,0.40271973609924316,0.7391831874847412,1.2437806129455566,2.2072432041168213
average block to device time per epoch,0.07605361938476562,0.13387584686279297,0.1877610683441162,0.4060368537902832,0.8007538318634033,1.315704107284546
average dataloading time per epoch,0.14115691184997559,0.31961584091186523,0.5904808044433594,1.1452200412750244,2.04453444480896,3.522947311401367
