arxiv sage,"pseudo 2 batches50,70,80","pseudo 4 batches50,70,80","pseudo 8 batches50,70,80","pseudo 16 batches50,70,80","pseudo 32 batches50,70,80","pseudo 64 batches50,70,80"
final layer output nodes/pure train time,3722834.723145094,1402331.617882353,1055116.7469246963,728798.5266062127,337044.4366269242,183581.38344806543
all layers input nodes//pure train time,38556132.76542583,26564593.54352941,35481907.452948615,42696417.375322424,33958161.87606819,31147830.475338817
average train time per epoch,0.02442789077758789,0.064849853515625,0.08619046211242676,0.12478208541870117,0.2698190212249756,0.49537158012390137
average number of nodes for computation,941845.0,1722710.0,3058202.0,5327748.0,9162558.0,15429750.0
average first layer num of input nodes,334810.5,663015.5,1301097.5,2520723.5,4808566.0,8968739.5
redundancy rate (first layer input),1.989225367175246,3.9392051665953707,7.730271757212796,14.976493060506678,28.569359285137125,53.28639372118447
average load block input feature time per epoch,0.07895088195800781,0.16592168807983398,0.2634766101837158,0.5445284843444824,1.0149543285369873,1.3621361255645752
average block to device time per epoch,0.07883477210998535,0.0661163330078125,0.128798246383667,0.23601412773132324,0.46518969535827637,0.8740444183349609
average dataloading time per epoch,0.15778565406799316,0.23203802108764648,0.3922748565673828,0.7805426120758057,1.4801440238952637,2.236180543899536
