arxiv sage,"pseudo 2 batches25,35,40,40,40","pseudo 4 batches25,35,40,40,40","pseudo 8 batches25,35,40,40,40","pseudo 16 batches25,35,40,40,40","pseudo 32 batches25,35,40,40,40","pseudo 64 batches25,35,40,40,40"
final layer output nodes/pure train time,2889521.688892929,835437.8757687792,593712.5656293972,380637.14588052616,237465.80591307813,136802.87987065504
all layers input nodes//pure train time,50811143.187067255,27754624.038127948,36772052.35628276,43604602.906282246,50003056.280640244,52497995.712272026
average train time per epoch,0.03147268295288086,0.10885429382324219,0.15317344665527344,0.23891782760620117,0.3829646110534668,0.6647593975067139
average number of nodes for computation,1599163.0,3021210.0,5632502.0,10417917.0,19149401.0,34898536.0
average first layer num of input nodes,335689.5,669641.0,1335487.5,2659892.0,5287283.5,10475979.0
redundancy rate (first layer input),1.9942819291137435,3.978238655941447,7.933934745672088,15.802027018998848,31.41097334933403,62.236249896035076
average load block input feature time per epoch,0.12071967124938965,0.2117152214050293,0.4178164005279541,0.8514688014984131,1.523423433303833,2.85538649559021
average block to device time per epoch,0.08396768569946289,0.18248581886291504,0.27465057373046875,0.5872166156768799,1.0475866794586182,2.1628966331481934
average dataloading time per epoch,0.20468735694885254,0.39420104026794434,0.6924669742584229,1.438685417175293,2.571010112762451,5.018283128738403
