arxiv sage,"pseudo 2 batches25,35,40,40","pseudo 4 batches25,35,40,40","pseudo 8 batches25,35,40,40","pseudo 16 batches25,35,40,40","pseudo 32 batches25,35,40,40","pseudo 64 batches25,35,40,40"
final layer output nodes/pure train time,51415.28299715327,26129.80733111718,14049.746230850742,6953.65869595551,3569.684232127899,1818.1029027190145
all layers input nodes//pure train time,714259.2049699321,675410.4522649031,663492.5105463101,592415.5384112173,543011.8114322692,486970.28887489997
average train time per epoch,1.768754243850708,3.4803547859191895,6.472785949707031,13.078151226043701,25.47592282295227,50.019721031188965
average number of nodes for computation,1263349.0,2350668.0,4294645.0,7747700.0,13833727.0,24358118.0
average first layer num of input nodes,334948.5,666657.0,1324065.0,2618210.5,5145036.5,10011133.5
redundancy rate (first layer input),1.992578733833835,3.965882996823282,7.876744518078739,15.575500600839986,30.60736296684077,59.555339742293185
average load block input feature time per epoch,0.12732195854187012,0.1838085651397705,0.37465691566467285,0.6581625938415527,1.2458877563476562,2.4465250968933105
average block to device time per epoch,0.07858562469482422,0.1373882293701172,0.24240684509277344,0.4544405937194824,0.8318037986755371,1.5120534896850586
average dataloading time per epoch,0.20590758323669434,0.3211967945098877,0.6170637607574463,1.1126031875610352,2.0776915550231934,3.958578586578369
