arxiv sage,"pseudo 2 batches25,35,40,40","pseudo 4 batches25,35,40,40","pseudo 8 batches25,35,40,40","pseudo 16 batches25,35,40,40","pseudo 32 batches25,35,40,40","pseudo 64 batches25,35,40,40"
final layer output nodes/pure train time,4279094.448714929,1889513.4966934002,1095851.7085996822,504014.57740568084,269406.969389665,141452.30383188635
all layers input nodes//pure train time,59453726.31885034,48866657.433167055,51744840.124319464,42943725.71989133,40993581.95266801,37876766.50365633
average train time per epoch,0.02125239372253418,0.04812932014465332,0.08298659324645996,0.1804332733154297,0.33755993843078613,0.6429092884063721
average number of nodes for computation,1263534.0,2351919.0,4294128.0,7748477.0,13837791.0,24351325.0
average first layer num of input nodes,334906.0,666765.5,1324337.0,2618019.5,5144352.0,10008541.0
redundancy rate (first layer input),1.9918874713771673,3.9656555743896273,7.8766288993963185,15.57093704463675,30.596556338656438,59.52681476194724
average load block input feature time per epoch,0.09832525253295898,0.224381685256958,0.3277711868286133,0.6241135597229004,1.1018431186676025,1.937157392501831
average block to device time per epoch,0.04780864715576172,0.11528730392456055,0.1755061149597168,0.41510558128356934,0.7563138008117676,1.3463189601898193
average dataloading time per epoch,0.1461338996887207,0.33966898918151855,0.5032773017883301,1.0392191410064697,1.8581569194793701,3.2834763526916504
