arxiv sage,"pseudo 2 batches50,70,80","pseudo 4 batches50,70,80","pseudo 8 batches50,70,80","pseudo 16 batches50,70,80","pseudo 32 batches50,70,80","pseudo 64 batches50,70,80"
final layer output nodes/pure train time,1504463.683767527,1340284.3371001293,1512721.3457967646,644966.0299829895,407238.0229096224,203103.57463467
all layers input nodes//pure train time,15583369.201096496,25383724.660032608,50855073.10625776,37782324.36078336,41009327.0111516,34434994.90561802
average train time per epoch,0.06044745445251465,0.06785202026367188,0.060117483139038086,0.14100122451782227,0.2233116626739502,0.4477567672729492
average number of nodes for computation,941975.0,1722337.0,3057279.0,5327354.0,9157861.0,15418502.0
average first layer num of input nodes,334880.5,662925.5,1300964.0,2520723.0,4807191.5,8965240.5
redundancy rate (first layer input),1.9892512400130684,3.937898363479759,7.72796340847664,14.97355430811726,28.555594166740917,53.255163503519555
average load block input feature time per epoch,0.0837564468383789,0.2209160327911377,0.3948688507080078,0.4800896644592285,1.0105187892913818,1.1427481174468994
average block to device time per epoch,0.06190156936645508,0.08307695388793945,0.22895288467407227,0.21505165100097656,0.4948461055755615,0.7309057712554932
average dataloading time per epoch,0.14565801620483398,0.30399298667907715,0.6238217353820801,0.6951413154602051,1.5053648948669434,1.8736538887023926
