arxiv sage,"pseudo 2 batches25,70,80","pseudo 4 batches25,70,80","pseudo 8 batches25,70,80","pseudo 16 batches25,70,80","pseudo 32 batches25,70,80","pseudo 64 batches25,70,80"
final layer output nodes/pure train time,,,,3419.279445139609,1852.1586022516083,988.0473364347259
all layers input nodes//pure train time,,,,200064.6004426324,185690.80924270526,165819.90988270313
average train time per epoch,,,,26.59653925895691,49.10000681877136,92.04113674163818
average number of nodes for computation,,,,5321026.0,9117420.0,15262253.0
average first layer num of input nodes,,,,2509201.0,4763156.0,8804412.0
redundancy rate (first layer input),,,,14.912729779684891,28.30847681253306,52.32654419674431
average load block input feature time per epoch,,,,0.6281876564025879,0.910552978515625,1.2489612102508545
average block to device time per epoch,,,,0.3865334987640381,0.6746256351470947,1.0522944927215576
average dataloading time per epoch,,,,1.014721155166626,1.5851786136627197,2.301255702972412
