arxiv sage,"pseudo 2 batches25,35,40,40,40,40","pseudo 4 batches25,35,40,40,40,40","pseudo 8 batches25,35,40,40,40,40","pseudo 16 batches25,35,40,40,40,40","pseudo 32 batches25,35,40,40,40,40","pseudo 64 batches25,35,40,40,40,40"
final layer output nodes/pure train time,592085.9457608492,551102.756948488,793522.161215765,285940.185884937,207560.1947125326,100111.86118506698
all layers input nodes//pure train time,12603472.664790498,22383367.440740094,60856128.20970074,41186787.77593115,55893195.81216562,50180880.7986226
average train time per epoch,0.1535942554473877,0.16501641273498535,0.11460423469543457,0.3180420398712158,0.4381427764892578,0.9083938598632812
average number of nodes for computation,1935821.0,3693623.0,6974370.0,13099130.0,24489200.0,45584004.0
average first layer num of input nodes,336108.0,671008.0,1340196.5,2675885.0,5337078.5,10637505.5
redundancy rate (first layer input),1.9950851200227937,3.9829997388228033,7.955199206971057,15.883639622955101,31.680072773464396,63.14258790987012
average load block input feature time per epoch,0.0823817253112793,0.34900689125061035,0.8998703956604004,1.4666862487792969,3.0813841819763184,5.6250529289245605
average block to device time per epoch,0.11964273452758789,0.15176844596862793,0.39147019386291504,0.7238461971282959,1.410444736480713,2.8661301136016846
average dataloading time per epoch,0.2020244598388672,0.5007753372192383,1.2913405895233154,2.1905324459075928,4.491828918457031,8.491183042526245
