arxiv sage,"pseudo 2 batches25,70,80","pseudo 4 batches25,70,80","pseudo 8 batches25,70,80","pseudo 16 batches25,70,80","pseudo 32 batches25,70,80","pseudo 64 batches25,70,80"
final layer output nodes/pure train time,19470.987922842178,11611.905491217343,7166.618697414554,3837.5165713384845,2072.3640615291333,1115.8531301513624
all layers input nodes//pure train time,201550.7709617734,219736.2319194351,240824.97708907415,224467.43849980843,207764.26752590528,187470.28299944758
average train time per epoch,4.670589923858643,7.831703424453735,12.689526796340942,23.697878122329712,43.88273358345032,81.49907684326172
average number of nodes for computation,941361.0,1720909.0,3055955.0,5319402.0,9117264.0,15278655.0
average first layer num of input nodes,334511.5,661952.5,1297696.0,2509377.0,4763268.5,8809598.0
redundancy rate (first layer input),1.988240363755238,3.9344557044785877,7.713132633956433,14.91501679098933,28.31150108472763,52.361722488038275
average load block input feature time per epoch,0.06849503517150879,0.1203920841217041,0.2894437313079834,0.5523037910461426,0.9886152744293213,1.2740716934204102
average block to device time per epoch,0.05855751037597656,0.11167001724243164,0.17941498756408691,0.36684632301330566,0.6614346504211426,1.0599756240844727
average dataloading time per epoch,0.12705254554748535,0.23206210136413574,0.4688587188720703,0.9191501140594482,1.6500499248504639,2.334047317504883
