arxiv sage,"pseudo 2 batches25,70,80","pseudo 4 batches25,70,80","pseudo 8 batches25,70,80","pseudo 16 batches25,70,80","pseudo 32 batches25,70,80","pseudo 64 batches25,70,80"
final layer output nodes/pure train time,28100.001699109413,14340.996671713263,7165.502481438617,3997.7524046043523,1718.8815445892444,1063.7156543312065
all layers input nodes//pure train time,290927.606907531,271303.47366899735,240566.2177092496,233733.0534022277,172249.39156958068,178489.76971143478
average train time per epoch,3.2363343238830566,6.341330528259277,12.691503524780273,22.748032093048096,52.90707802772522,85.49371218681335
average number of nodes for computation,941539.0,1720425.0,3053147.0,5316967.0,9113212.0,15259753.0
average first layer num of input nodes,334532.0,661815.0,1297497.0,2508929.5,4761570.0,8804882.5
redundancy rate (first layer input),1.9881140575041898,3.9331475164323155,7.710987365243127,14.910495881520925,28.2978736048875,52.3271635386828
average load block input feature time per epoch,0.07597494125366211,0.16673636436462402,0.30646443367004395,0.5649073123931885,0.8381309509277344,1.7178921699523926
average block to device time per epoch,0.05466604232788086,0.1090841293334961,0.17198872566223145,0.3598947525024414,0.6801853179931641,1.1767518520355225
average dataloading time per epoch,0.13064098358154297,0.2758204936981201,0.4784531593322754,0.9248020648956299,1.5183162689208984,2.894644021987915
