arxiv sage,"pseudo 2 batches25,35,40,40,40","pseudo 4 batches25,35,40,40,40","pseudo 8 batches25,35,40,40,40","pseudo 16 batches25,35,40,40,40","pseudo 32 batches25,35,40,40,40","pseudo 64 batches25,35,40,40,40"
final layer output nodes/pure train time,3147146.8652145215,1752801.750181514,876394.8341547363,470673.40744150116,249884.666399815,119042.57655196347
all layers input nodes//pure train time,55342076.35009901,58273946.00420929,54277588.25135158,53914983.85140196,52612310.98391094,45694358.37790788
average train time per epoch,0.028896331787109375,0.05188322067260742,0.10376715660095215,0.19321465492248535,0.36393189430236816,0.7639367580413818
average number of nodes for computation,1599183.0,3023440.0,5632231.0,10417165.0,19147298.0,34907600.0
average first layer num of input nodes,335726.5,669736.5,1335369.5,2660069.5,5286807.0,10473481.0
redundancy rate (first layer input),1.9946913433545244,3.9791842433604656,7.9339878795080505,15.804583803695563,31.411128275206465,62.2273245796447
average load block input feature time per epoch,0.12616348266601562,0.30578017234802246,0.5329082012176514,0.9891819953918457,1.813978672027588,3.183896064758301
average block to device time per epoch,0.09455180168151855,0.18645572662353516,0.3071103096008301,0.5884881019592285,1.1499333381652832,1.9907796382904053
average dataloading time per epoch,0.22071528434753418,0.4922358989715576,0.8400185108184814,1.5776700973510742,2.963912010192871,5.174675703048706
