arxiv sage,"pseudo 2 batches25,35,40,40","pseudo 4 batches25,35,40,40","pseudo 8 batches25,35,40,40","pseudo 16 batches25,35,40,40","pseudo 32 batches25,35,40,40","pseudo 64 batches25,35,40,40"
final layer output nodes/pure train time,51403.03971236284,50965.01500807831,52034.312838144964,54235.92360785852,52145.66174608324,53181.07677200567
all layers input nodes//pure train time,677874.5127412586,672722.3943061122,685896.70791751,715584.2709835387,687896.0100126005,701500.6300620144
average train time per epoch,1.7691755294799805,1.7843809127807617,1.7477121353149414,1.6767668724060059,1.7439801692962646,1.7100255489349365
average number of nodes for computation,1199279.0,1200393.0,1198750.0,1199868.0,1199677.0,1199584.0
average first layer num of input nodes,333640.0,333674.0,333685.0,333679.0,333626.0,333713.5
redundancy rate (first layer input),1.9847945841116492,1.9849968470773,1.985062285095599,1.9850265916310723,1.984711299361087,1.9852318290521005
average load block input feature time per epoch,0.10353350639343262,0.06811881065368652,0.09244227409362793,0.09088587760925293,0.08886170387268066,0.09117341041564941
average block to device time per epoch,0.08432793617248535,0.06839179992675781,0.07234978675842285,0.062380075454711914,0.06452107429504395,0.0834817886352539
average dataloading time per epoch,0.18786144256591797,0.13651061058044434,0.16479206085205078,0.15326595306396484,0.1533827781677246,0.17465519905090332
