arxiv sage,"pseudo 2 batches25,35,40,40","pseudo 4 batches25,35,40,40","pseudo 8 batches25,35,40,40","pseudo 16 batches25,35,40,40","pseudo 32 batches25,35,40,40","pseudo 64 batches25,35,40,40"
final layer output nodes/pure train time,3819498.3233765583,1052243.8870056497,768145.5601260661,506599.81680103065,256706.78897215446,143368.12726821005
all layers input nodes//pure train time,53054911.11881039,27214448.813559324,36266241.5069286,43175193.74450214,39070772.71700513,38407468.56844012
average train time per epoch,0.02380967140197754,0.08642578125,0.11839032173156738,0.17951250076293945,0.3542602062225342,0.6343181133270264
average number of nodes for computation,1263220.0,2352030.0,4293572.0,7750487.0,13841220.0,24362553.0
average first layer num of input nodes,334824.0,666832.0,1324035.5,2618284.5,5143309.0,10010684.5
redundancy rate (first layer input),1.9913997680435365,3.9660510898979986,7.874835697504981,15.572513159068606,30.59035299015672,59.53956344604038
average load block input feature time per epoch,0.10123825073242188,0.19934415817260742,0.38457822799682617,0.6249725818634033,1.1304101943969727,1.931501865386963
average block to device time per epoch,0.0698094367980957,0.12949252128601074,0.2109684944152832,0.3842918872833252,0.7097053527832031,1.3523166179656982
average dataloading time per epoch,0.17104768753051758,0.32883667945861816,0.5955467224121094,1.0092644691467285,1.8401155471801758,3.283818483352661
