ogbn-arxiv sage,"pseudo 2 batches25,35,80","pseudo 4 batches25,35,80","pseudo 8 batches25,35,80","pseudo 16 batches25,35,80","pseudo 32 batches25,35,80"
final layer output nodes/pure train time,3230487.8544801637,2913291.522340934,1444863.731580965,769362.2793833632,371941.4182032618
all layers input nodes//pure train time,33342235.969620552,54804226.905025974,47971748.65607145,44065360.9694338,35961687.360944144
average train time per epoch,0.028150856494903564,0.03121589422225952,0.06294088363647461,0.11820309162139893,0.24450355768203735
average number of nodes for computation,938612.5,1710762.95,3019384.25,5208661.9,8792760.5
average first layer num of input nodes,333428.1,658303.4,1287171.7666666666,2480433.2666666666,4680406.033333333
redundancy rate (first layer input),1.9840179224905834,3.9171435881873413,7.659138070218239,14.759476050784356,27.850110577561978
average load block input feature time per epoch,0.1532488465309143,0.36544461250305177,0.6660446643829345,1.0341469168663024,1.420939600467682
average block to device time per epoch,0.03745559453964233,0.06675680875778198,0.11993529796600341,0.20358575582504274,0.297677481174469
average dataloading time per epoch,0.19070444107055665,0.4322014212608337,0.785979962348938,1.2377326726913451,1.7186170816421509
