arxiv sage,"pseudo 2 batches25,35,40,40","pseudo 4 batches25,35,40,40","pseudo 8 batches25,35,40,40","pseudo 16 batches25,35,40,40","pseudo 32 batches25,35,40,40","pseudo 64 batches25,35,40,40"
final layer output nodes/pure train time,51857.99200365448,26511.318989034862,13447.705440286665,6853.014088598329,3450.9405662711897,1881.4177960581744
all layers input nodes//pure train time,720219.9831371952,685483.2241957275,634957.9126773592,583963.294774314,525253.7138856075,503787.376276486
average train time per epoch,1.7536544799804688,3.4302706718444824,6.762566328048706,13.270219326019287,26.35252571105957,48.33641958236694
average number of nodes for computation,1263017.0,2351393.0,4293945.0,7749321.0,13841762.0,24351278.0
average first layer num of input nodes,334856.5,666806.5,1323973.0,2618345.0,5144231.0,10009517.5
redundancy rate (first layer input),1.9920314340444265,3.9667723589810704,7.876197218289331,15.576300729336458,30.60257111922807,59.54572630251401
average load block input feature time per epoch,0.05631065368652344,0.16695332527160645,0.3709414005279541,0.6568331718444824,1.1760380268096924,2.4705169200897217
average block to device time per epoch,0.0726165771484375,0.12254524230957031,0.2273845672607422,0.4549715518951416,0.8798918724060059,1.5031394958496094
average dataloading time per epoch,0.12892723083496094,0.28949856758117676,0.5983259677886963,1.111804723739624,2.0559298992156982,3.973656415939331
