arxiv sage,"pseudo 2 batches25,35,40,40,40","pseudo 4 batches25,35,40,40,40","pseudo 8 batches25,35,40,40,40","pseudo 16 batches25,35,40,40,40","pseudo 32 batches25,35,40,40,40","pseudo 64 batches25,35,40,40,40"
final layer output nodes/pure train time,3306640.429148534,728650.9514480018,580522.7280965158,480645.1207225916,254358.4826442908,126300.7078245114
all layers input nodes//pure train time,58128274.24449954,24214341.63466035,35950277.97996204,55039746.15358095,53547667.14059615,48474628.58690458
average train time per epoch,0.02750253677368164,0.12480735778808594,0.15665364265441895,0.18920612335205078,0.3575308322906494,0.7200355529785156
average number of nodes for computation,1598675.0,3022128.0,5631742.0,10413857.0,19144942.0,34903456.0
average first layer num of input nodes,335682.5,669743.0,1335625.5,2660582.5,5287478.0,10474712.5
redundancy rate (first layer input),1.9941337214483026,3.9786318947337156,7.93433035316482,15.80528410609796,31.410449401491075,62.225398758428135
average load block input feature time per epoch,0.15955448150634766,0.30725860595703125,0.6310329437255859,1.1687426567077637,2.346285820007324,4.184534072875977
average block to device time per epoch,0.093170166015625,0.17978262901306152,0.31973862648010254,0.48209643363952637,1.1357676982879639,2.122358798980713
average dataloading time per epoch,0.25272464752197266,0.4870412349700928,0.9507715702056885,1.65083909034729,3.482053518295288,6.3068928718566895
