arxiv sage,"pseudo 2 batches25,35,40,40","pseudo 4 batches25,35,40,40","pseudo 8 batches25,35,40,40","pseudo 16 batches25,35,40,40","pseudo 32 batches25,35,40,40","pseudo 64 batches25,35,40,40"
final layer output nodes/pure train time,586438.4057562363,2161296.208517486,760187.9773199698,644177.4218054941,321978.8698693967,167376.6004726846
all layers input nodes//pure train time,8146999.839231272,55871720.78529499,35886438.04071643,54877816.057474256,48965929.487067975,44815495.66742522
average train time per epoch,0.1550734043121338,0.042077064514160156,0.1196296215057373,0.1411738395690918,0.2824440002441406,0.5433316230773926
average number of nodes for computation,1263383.0,2350918.0,4293081.0,7747312.0,13830133.0,24349676.0
average first layer num of input nodes,334862.0,666758.0,1324233.0,2618611.0,5143152.0,10008929.0
redundancy rate (first layer input),1.9918864097363083,3.9661299245150583,7.877041037873335,15.576493192079138,30.59342228144165,59.536912671833825
average load block input feature time per epoch,0.0724189281463623,0.30605006217956543,0.5139608383178711,0.9368786811828613,1.5928955078125,2.7277204990386963
average block to device time per epoch,0.05800747871398926,0.10724782943725586,0.2197258472442627,0.4008326530456543,0.646615743637085,1.3887290954589844
average dataloading time per epoch,0.13042640686035156,0.4132978916168213,0.7336866855621338,1.3377113342285156,2.239511251449585,4.116449594497681
