arxiv sage,"pseudo 2 batches25,35,40,40","pseudo 4 batches25,35,40,40","pseudo 8 batches25,35,40,40","pseudo 16 batches25,35,40,40","pseudo 32 batches25,35,40,40","pseudo 64 batches25,35,40,40"
final layer output nodes/pure train time,4055653.3765443913,1324617.4791601554,960012.7857606676,379373.44351880584,247394.57977111242,149488.00835239323
all layers input nodes//pure train time,56332334.599893674,34255361.63935018,45315082.13892007,32336946.149348736,37645475.6063497,40041998.85592278
average train time per epoch,0.022423267364501953,0.06865453720092773,0.09472894668579102,0.2397136688232422,0.36759495735168457,0.6083498001098633
average number of nodes for computation,1263155.0,2351786.0,4292650.0,7751608.0,13838287.0,24359542.0
average first layer num of input nodes,334906.5,666870.0,1324165.5,2618131.0,5143069.0,10010450.0
redundancy rate (first layer input),1.9920681655960029,3.966630977872948,7.876311563169165,15.572989531287176,30.591654770402094,59.54348084701404
average load block input feature time per epoch,0.24195003509521484,0.576249361038208,1.077845811843872,1.7677431106567383,3.1447105407714844,5.016557216644287
average block to device time per epoch,0.07220315933227539,0.13285613059997559,0.2083427906036377,0.4053189754486084,0.773836612701416,1.4229860305786133
average dataloading time per epoch,0.31415319442749023,0.7091054916381836,1.2861886024475098,2.1730620861053467,3.9185471534729004,6.4395432472229
