arxiv sage,"pseudo 2 batches25,70,80","pseudo 4 batches25,70,80","pseudo 8 batches25,70,80","pseudo 16 batches25,70,80","pseudo 32 batches25,70,80","pseudo 64 batches25,70,80"
final layer output nodes/pure train time,25888.883395562214,13785.696387538934,7470.241962121474,3886.412568040764,2085.137131278352,1100.6762502694562
all layers input nodes//pure train time,267989.41372040735,260873.3203642307,250976.99822500718,227241.99289333224,209042.0077874693,184700.7754397443
average train time per epoch,3.5127432346343994,6.596765041351318,12.173768997192383,23.399728775024414,43.61391806602478,82.62284207344055
average number of nodes for computation,941378.0,1720920.0,3055336.0,5317401.0,9117141.0,15260503.0
average first layer num of input nodes,334465.5,661899.5,1297598.0,2508617.5,4762529.5,8802457.5
redundancy rate (first layer input),1.9879669529555113,3.9341406876875986,7.712550150078754,14.910502540937324,28.30710868079289,52.31928140509376
average load block input feature time per epoch,0.09590315818786621,0.15676021575927734,0.3475167751312256,0.5311458110809326,0.9647262096405029,1.6169328689575195
average block to device time per epoch,0.06743669509887695,0.10090303421020508,0.2174055576324463,0.3669097423553467,0.6869385242462158,1.0857243537902832
average dataloading time per epoch,0.16333985328674316,0.2576632499694824,0.5649223327636719,0.8980555534362793,1.6516647338867188,2.7026572227478027
