arxiv sage,"pseudo 2 batches25,35,40,40,40","pseudo 4 batches25,35,40,40,40","pseudo 8 batches25,35,40,40,40","pseudo 16 batches25,35,40,40,40","pseudo 32 batches25,35,40,40,40","pseudo 64 batches25,35,40,40,40"
final layer output nodes/pure train time,2748778.1505711093,2512013.6460051103,818463.3410308623,3232821.982438892,3371019.2580180466,916037.1378783658
all layers input nodes//pure train time,46398224.17745109,42395854.89865915,13809351.520226935,54569641.18547649,56901208.17724987,15467782.809517862
average train time per epoch,0.03308415412902832,0.036202430725097656,0.11111187934875488,0.028130531311035156,0.0269773006439209,0.09927654266357422
average number of nodes for computation,1535046.0,1534833.0,1534383.0,1535073.0,1535041.0,1535588.0
average first layer num of input nodes,335097.5,335145.5,335208.5,335164.0,335159.5,335162.0
redundancy rate (first layer input),1.9909541916701325,1.9912393797160002,1.9916136890262017,1.9913492959420118,1.9913225595627118,1.9913374131067674
average load block input feature time per epoch,0.1296703815460205,0.12997817993164062,0.13166117668151855,0.13978099822998047,0.1345374584197998,0.13591837882995605
average block to device time per epoch,0.07838606834411621,0.10329723358154297,0.10608339309692383,0.10057401657104492,0.08688807487487793,0.08395600318908691
average dataloading time per epoch,0.20805644989013672,0.2332754135131836,0.23774456977844238,0.2403550148010254,0.22142553329467773,0.21987438201904297
