arxiv sage,"pseudo 2 batches25,35,40,40","pseudo 4 batches25,35,40,40","pseudo 8 batches25,35,40,40","pseudo 16 batches25,35,40,40","pseudo 32 batches25,35,40,40","pseudo 64 batches25,35,40,40"
final layer output nodes/pure train time,1097996.7819085699,1077610.3718863272,1068416.2025719238,1096645.6693395127,1115122.0854596908,1067767.1839787697
all layers input nodes//pure train time,14482097.139787732,14210732.754417835,14090121.230467578,14403789.265750289,14711957.563346352,14085753.715843752
average train time per epoch,0.0828244686126709,0.08439135551452637,0.08511757850646973,0.08292651176452637,0.08155250549316406,0.08516931533813477
average number of nodes for computation,1199472.0,1199263.0,1199317.0,1194456.0,1199797.0,1199674.0
average first layer num of input nodes,333698.5,333675.0,333678.0,333662.0,333715.0,333704.5
redundancy rate (first layer input),1.9848828217939567,1.984743040685225,1.9847608850820841,1.984665714965501,1.9849809659766833,1.9849185105876754
average load block input feature time per epoch,0.11767911911010742,0.11338138580322266,0.1163785457611084,0.09989190101623535,0.13504290580749512,0.09022712707519531
average block to device time per epoch,0.08077812194824219,0.08088016510009766,0.07498621940612793,0.05637192726135254,0.08553242683410645,0.08422327041625977
average dataloading time per epoch,0.1984572410583496,0.1942615509033203,0.19136476516723633,0.1562638282775879,0.22057533264160156,0.17445039749145508
