arxiv sage,"pseudo 2 batches25,35,40,40,40,40","pseudo 4 batches25,35,40,40,40,40","pseudo 8 batches25,35,40,40,40,40","pseudo 16 batches25,35,40,40,40,40","pseudo 32 batches25,35,40,40,40,40","pseudo 64 batches25,35,40,40,40,40"
final layer output nodes/pure train time,288082.7223747851,155479.5936305551,663827.9285065385,414451.92730465246,204271.53793144075,80970.46309169052
all layers input nodes//pure train time,6131250.949267547,6315626.536446179,50912356.00875743,59699589.57515858,55008983.51057201,40562571.110348985
average train time per epoch,0.3156766891479492,0.5849063396453857,0.1369948387145996,0.21942472457885742,0.44519662857055664,1.1231379508972168
average number of nodes for computation,1935493.0,3694050.0,6974730.0,13099566.0,24489814.0,45557363.0
average first layer num of input nodes,336098.0,671112.0,1340431.0,2676111.0,5337402.5,10634978.0
redundancy rate (first layer input),1.9956417442523275,3.9848470454113625,7.959047833935018,15.889885759072772,31.691778097092914,63.14707628728862
average load block input feature time per epoch,0.4219841957092285,0.4903562068939209,2.038769006729126,3.9026434421539307,7.23156476020813,12.946265459060669
average block to device time per epoch,0.14172887802124023,0.19807863235473633,0.40514063835144043,0.7542645931243896,1.612548828125,2.9102141857147217
average dataloading time per epoch,0.5637130737304688,0.6884348392486572,2.4439096450805664,4.65690803527832,8.84411358833313,15.85647964477539
