arxiv sage,"pseudo 2 batches25,35,40,40,40","pseudo 4 batches25,35,40,40,40","pseudo 8 batches25,35,40,40,40","pseudo 16 batches25,35,40,40,40","pseudo 32 batches25,35,40,40,40","pseudo 64 batches25,35,40,40,40"
final layer output nodes/pure train time,2985505.8629639484,1745814.1294093416,886050.7146865883,461515.99379054084,214266.00534999074,115973.26106299087
all layers input nodes//pure train time,52509067.006465144,58006753.028317735,54869056.605378084,52861371.332190335,45134868.61241553,44512694.31273852
average train time per epoch,0.030460834503173828,0.05209088325500488,0.10263633728027344,0.19704842567443848,0.42443037033081055,0.7841548919677734
average number of nodes for computation,1599470.0,3021623.0,5631559.0,10416250.0,19156609.0,34904847.0
average first layer num of input nodes,335684.0,669598.5,1335795.5,2660391.0,5288737.5,10476253.0
redundancy rate (first layer input),1.994438833105579,3.978364327728596,7.936518923415127,15.806493969461114,31.422598181926208,62.24379418929357
average load block input feature time per epoch,0.12656235694885254,0.32433128356933594,0.5341405868530273,0.9831705093383789,1.5050182342529297,3.163090944290161
average block to device time per epoch,0.08919572830200195,0.15366435050964355,0.3547184467315674,0.5779173374176025,1.023000717163086,2.165717601776123
average dataloading time per epoch,0.2157580852508545,0.4779956340789795,0.8888590335845947,1.5610878467559814,2.5280189514160156,5.328808546066284
