arxiv sage,"pseudo 2 batches25,35,40,40","pseudo 4 batches25,35,40,40","pseudo 8 batches25,35,40,40","pseudo 16 batches25,35,40,40","pseudo 32 batches25,35,40,40","pseudo 64 batches25,35,40,40"
final layer output nodes/pure train time,1214696.7035565067,1260747.7873249026,1274638.1777850552,1215153.3302665197,1221668.417751358,1227009.152088527
all layers input nodes//pure train time,16074732.590645062,16677108.680174254,16860163.281601608,16077194.361582424,16164991.409654606,16236860.28000579
average train time per epoch,0.07486724853515625,0.07213258743286133,0.07134652137756348,0.07483911514282227,0.07444000244140625,0.07411599159240723
average number of nodes for computation,1203471.0,1202963.0,1202914.0,1203203.0,1203322.0,1203411.0
average first layer num of input nodes,333632.0,333609.0,333675.0,333650.0,333700.0,333677.5
redundancy rate (first layer input),1.9843102269010022,1.9841734320635205,1.9845659737710768,1.9844172837303358,1.9847146638118178,1.984580842775151
average load block input feature time per epoch,0.09825563430786133,0.09277606010437012,0.09281802177429199,0.09840178489685059,0.10637140274047852,0.1042337417602539
average block to device time per epoch,0.07222509384155273,0.05587148666381836,0.0671391487121582,0.07257843017578125,0.061939239501953125,0.06235933303833008
average dataloading time per epoch,0.17048072814941406,0.14864754676818848,0.1599571704864502,0.17098021507263184,0.16831064224243164,0.16659307479858398
