arxiv sage,"pseudo 2 batches25,35,40,40,40","pseudo 4 batches25,35,40,40,40","pseudo 8 batches25,35,40,40,40","pseudo 16 batches25,35,40,40,40","pseudo 32 batches25,35,40,40,40","pseudo 64 batches25,35,40,40,40"
final layer output nodes/pure train time,3181561.278048862,843670.0560789006,611902.3098508401,545004.8795481466,249773.5607313112,116690.47279388663
all layers input nodes//pure train time,55944204.63248505,28037387.75890098,37905316.40545561,62398375.217720926,52589590.991586775,44793238.25599178
average train time per epoch,0.028583765029907227,0.10779213905334473,0.1486201286315918,0.16686272621154785,0.3640937805175781,0.7793352603912354
average number of nodes for computation,1599096.0,3022210.0,5633493.0,10411963.0,19147543.0,34908950.0
average first layer num of input nodes,335629.5,669755.5,1335736.5,2659779.0,5286035.0,10478478.5
redundancy rate (first layer input),1.9939254779416133,3.978918883594929,7.935414018036429,15.801355702624669,31.403556194527287,62.251099057780735
average load block input feature time per epoch,0.12142658233642578,0.20830512046813965,0.4471168518066406,0.9068875312805176,1.5601513385772705,2.7412755489349365
average block to device time per epoch,0.09596514701843262,0.16286706924438477,0.2922661304473877,0.5708808898925781,1.1607904434204102,2.183454751968384
average dataloading time per epoch,0.2173917293548584,0.3711721897125244,0.7393829822540283,1.4777684211730957,2.7209417819976807,4.92473030090332
