arxiv sage,"pseudo 2 batches25,35,40,40,40,40","pseudo 4 batches25,35,40,40,40,40","pseudo 8 batches25,35,40,40,40,40","pseudo 16 batches25,35,40,40,40,40","pseudo 32 batches25,35,40,40,40,40","pseudo 64 batches25,35,40,40,40,40"
final layer output nodes/pure train time,2633068.485838344,1507502.0553939547,717865.4171282311,241194.2280857952,176903.66574419723,102946.19966209469
all layers input nodes//pure train time,56035100.004611254,61222293.99974706,55048415.55728952,34741904.00647511,47678164.98836594,51585587.75025235
average train time per epoch,0.03453803062438965,0.06032562255859375,0.12668251991271973,0.377044677734375,0.5140707492828369,0.8833837509155273
average number of nodes for computation,1935342.0,3693273.0,6973672.0,13099250.0,24509950.0,45569870.0
average first layer num of input nodes,336067.0,670984.0,1340023.5,2675536.5,5339781.0,10636574.0
redundancy rate (first layer input),1.9948417503620866,3.9828572785336087,7.954172305719781,15.881570980839092,31.696114395612224,63.137058669895765
average load block input feature time per epoch,0.20476078987121582,0.44176578521728516,0.8667852878570557,1.5110924243927002,3.0327513217926025,5.659426927566528
average block to device time per epoch,0.11033749580383301,0.21026992797851562,0.3572695255279541,0.8209228515625,1.588033676147461,2.974876642227173
average dataloading time per epoch,0.31509828567504883,0.6520357131958008,1.2240548133850098,2.3320152759552,4.6207849979400635,8.634303569793701
