ogbn-arxiv sage,"pseudo 2 batches25,35,80","pseudo 4 batches25,35,80","pseudo 8 batches25,35,80","pseudo 16 batches25,35,80","pseudo 32 batches25,35,80"
final layer output nodes/pure train time,4177800.1710181516,2292538.738351263,1429979.9114609137,763537.4880287596,379870.7281211988
all layers input nodes//pure train time,43122074.92065356,43126970.4708587,47478095.8129511,43734026.19558399,36731447.82083819
average train time per epoch,0.02176767587661743,0.03966825008392334,0.06359599828720093,0.1191048264503479,0.23939986228942872
average number of nodes for computation,938667.35,1710771.45,3019416.9,5208933.6,8793503.55
average first layer num of input nodes,333424.6,658259.8666666667,1287204.6666666667,2480476.533333333,4680445.733333333
redundancy rate (first layer input),1.9839970962233051,3.916884549091479,7.6593338371306565,14.759733503116998,27.850346806936535
average load block input feature time per epoch,0.17149584293365477,0.361218535900116,0.6580159783363342,1.016809892654419,1.5789043426513671
average block to device time per epoch,0.04088839292526245,0.06335461139678955,0.11778923273086547,0.2135257601737976,0.31375874280929567
average dataloading time per epoch,0.21238423585891722,0.42457314729690554,0.7758052110671997,1.2303356528282166,1.8926630854606628
