arxiv sage,"pseudo 2 batches25,35,40,40","pseudo 4 batches25,35,40,40","pseudo 8 batches25,35,40,40","pseudo 16 batches25,35,40,40","pseudo 32 batches25,35,40,40","pseudo 64 batches25,35,40,40"
final layer output nodes/pure train time,5221478.146281365,1296782.1338346836,493629.20830216614,285343.3875796238,258416.20116446234,145562.0714915111
all layers input nodes//pure train time,72510800.96918592,33531288.67187282,23310305.562824022,24310418.234773014,39322477.33807754,38975173.40216904
average train time per epoch,0.017416715621948242,0.07012820243835449,0.18422937393188477,0.3187072277069092,0.3519167900085449,0.6247575283050537
average number of nodes for computation,1262900.0,2351489.0,4294443.0,7747906.0,13838240.0,24350033.0
average first layer num of input nodes,334852.5,666800.5,1324018.0,2617844.5,5143566.0,10013516.0
redundancy rate (first layer input),1.9917469664525338,3.9662175826790387,7.875434213656912,15.571285391387104,30.594610992148464,59.56171782060433
average load block input feature time per epoch,0.23975753784179688,0.556175947189331,1.0038914680480957,1.571645975112915,3.1295359134674072,5.080008268356323
average block to device time per epoch,0.04836916923522949,0.12333393096923828,0.1537013053894043,0.36226606369018555,0.6915266513824463,1.3497014045715332
average dataloading time per epoch,0.28812670707702637,0.6795098781585693,1.1575927734375,1.9339120388031006,3.8210625648498535,6.4297096729278564
