arxiv sage,"pseudo 2 batches25,70,80","pseudo 4 batches25,70,80","pseudo 8 batches25,70,80","pseudo 16 batches25,70,80","pseudo 32 batches25,70,80","pseudo 64 batches25,70,80"
final layer output nodes/pure train time,28000.931132033988,15234.595329461521,7095.607869584822,3981.88760673652,2041.7703734260701,962.5288514209102
all layers input nodes//pure train time,290070.32258775877,288562.24255758495,238521.37755062047,233057.26632064514,204646.83693865215,161632.09191918853
average train time per epoch,3.2477848529815674,5.969374179840088,12.816519975662231,22.83866572380066,44.54026818275452,94.48132371902466
average number of nodes for computation,942086.0,1722536.0,3057014.0,5322717.0,9115025.0,15271214.0
average first layer num of input nodes,334533.5,662101.0,1297871.0,2510090.0,4762328.5,8805875.5
redundancy rate (first layer input),1.9881229719610616,3.9348472062092164,7.713210036489843,14.917392699654119,28.302381348579036,52.33306490913197
average load block input feature time per epoch,0.07181978225708008,0.16281795501708984,0.32364606857299805,0.4333059787750244,0.8631350994110107,1.622129201889038
average block to device time per epoch,0.057801246643066406,0.10802221298217773,0.21506595611572266,0.32890796661376953,0.622272253036499,1.0712523460388184
average dataloading time per epoch,0.12962102890014648,0.2708401679992676,0.5387120246887207,0.762213945388794,1.4854073524475098,2.6933815479278564
