arxiv sage,"pseudo 2 batches50,70,80","pseudo 4 batches50,70,80","pseudo 8 batches50,70,80","pseudo 16 batches50,70,80","pseudo 32 batches50,70,80","pseudo 64 batches50,70,80"
final layer output nodes/pure train time,2016548.5961766199,1063168.9854085196,890336.0286824021,626437.7708829452,367186.2711832754,179074.482983581
all layers input nodes//pure train time,20887435.238707494,20142154.43152317,29926200.829399463,36703139.23198455,36970611.67972753,30363367.285783164
average train time per epoch,0.04509735107421875,0.08553767204284668,0.102142333984375,0.1451716423034668,0.24766993522644043,0.5078389644622803
average number of nodes for computation,941968.0,1722913.0,3056732.0,5328255.0,9156509.0,15419701.0
average first layer num of input nodes,334820.0,662918.5,1300610.0,2520935.0,4807386.5,8963314.0
redundancy rate (first layer input),1.9891754445375205,3.9384182603477877,7.726962173466175,14.976948806150153,28.560824258411014,53.25131148222741
average load block input feature time per epoch,0.16651010513305664,0.3336148262023926,0.6125526428222656,1.0207922458648682,1.5634450912475586,2.3049280643463135
average block to device time per epoch,0.06435441970825195,0.08067631721496582,0.13546013832092285,0.26311397552490234,0.5297698974609375,1.0318162441253662
average dataloading time per epoch,0.2308645248413086,0.4142911434173584,0.7480127811431885,1.2839062213897705,2.093214988708496,3.3367443084716797
