arxiv sage,"pseudo 2 batches25,35,40,40,40","pseudo 4 batches25,35,40,40,40","pseudo 8 batches25,35,40,40,40","pseudo 16 batches25,35,40,40,40","pseudo 32 batches25,35,40,40,40","pseudo 64 batches25,35,40,40,40"
final layer output nodes/pure train time,,20581.250018291605,10327.894798784537,5228.159936647072,2784.5069475212836,1424.3327517742275
all layers input nodes//pure train time,,684045.8767804098,639515.7701073786,598735.9287665535,586326.329329237,546536.6074336827
average train time per epoch,,4.418633460998535,8.805376291275024,17.394456386566162,32.65964198112488,63.84814214706421
average number of nodes for computation,,3022548.0,5631177.0,10414686.0,19149208.0,34895347.0
average first layer num of input nodes,,669705.0,1335845.5,2660296.0,5286462.5,10476905.0
redundancy rate (first layer input),,3.978406154394511,7.93563727091811,15.803582142751061,31.404416787952595,62.23842338194671
average load block input feature time per epoch,,0.20822978019714355,0.3296067714691162,0.6188910007476807,1.3192384243011475,2.5868020057678223
average block to device time per epoch,,0.17444920539855957,0.3455488681793213,0.6765058040618896,1.1668787002563477,2.3554701805114746
average dataloading time per epoch,,0.3826789855957031,0.6751556396484375,1.2953968048095703,2.486117124557495,4.942272186279297
