arxiv sage,"pseudo 2 batches25,35,40,40,40,40","pseudo 4 batches25,35,40,40,40,40","pseudo 8 batches25,35,40,40,40,40","pseudo 16 batches25,35,40,40,40,40","pseudo 32 batches25,35,40,40,40,40","pseudo 64 batches25,35,40,40,40,40"
final layer output nodes/pure train time,764395.6626619986,1480021.8842939292,781435.3029255101,307044.6503546716,134778.973843775,97607.27522630114
all layers input nodes//pure train time,16270588.800262926,60124243.28775968,59932928.172023274,44220648.806854516,36309625.39627261,48928874.9351781
average train time per epoch,0.11897110939025879,0.06144571304321289,0.11637687683105469,0.29618167877197266,0.6747417449951172,0.9317030906677246
average number of nodes for computation,1935730.0,3694377.0,6974807.0,13097346.0,24499620.0,45587184.0
average first layer num of input nodes,336079.5,671148.0,1340195.0,2675826.0,5338318.0,10636214.5
redundancy rate (first layer input),1.9953304874935434,3.984658588281394,7.956843373923163,15.886589920027548,31.694014830822937,63.14804402937666
average load block input feature time per epoch,0.16341400146484375,0.34335827827453613,0.6544101238250732,1.173356294631958,2.126354932785034,4.223341464996338
average block to device time per epoch,0.11501812934875488,0.23411893844604492,0.4043154716491699,0.7566006183624268,1.559340476989746,2.966747522354126
average dataloading time per epoch,0.27843213081359863,0.577477216720581,1.0587255954742432,1.9299569129943848,3.6856954097747803,7.190088987350464
