arxiv sage,"pseudo 2 batches50,70,80","pseudo 4 batches50,70,80","pseudo 8 batches50,70,80","pseudo 16 batches50,70,80","pseudo 32 batches50,70,80","pseudo 64 batches50,70,80"
final layer output nodes/pure train time,4612096.2971597165,1580452.0502351406,1350639.8500902941,747832.4802795004,354191.2276017814,163491.09197628178
all layers input nodes//pure train time,44807640.6449101,26159061.325024344,42426942.173889026,42134856.0173629,34566810.31942324,26890769.08891935
average train time per epoch,0.019717931747436523,0.0575411319732666,0.06733179092407227,0.12160611152648926,0.2567567825317383,0.5562443733215332
average number of nodes for computation,883514.0,1505222.0,2856682.0,5123856.0,8875263.0,14957839.0
average first layer num of input nodes,331368.5,650337.5,1280304.0,2491821.0,4752351.0,8812849.5
redundancy rate (first layer input),1.9684594776017441,3.86326103873731,7.605510309553936,14.802398731131824,28.230837773777914,52.351799048348866
average load block input feature time per epoch,0.07936882972717285,0.1328878402709961,0.24151611328125,0.46764540672302246,0.7473013401031494,0.9521353244781494
average block to device time per epoch,0.052553653717041016,0.07447099685668945,0.14753222465515137,0.23493599891662598,0.6084685325622559,0.7872357368469238
average dataloading time per epoch,0.13192248344421387,0.20735883712768555,0.38904833793640137,0.7025814056396484,1.3557698726654053,1.7393710613250732
