arxiv sage,"pseudo 2 batches25,35,40,40,40,40","pseudo 4 batches25,35,40,40,40,40","pseudo 8 batches25,35,40,40,40,40","pseudo 16 batches25,35,40,40,40,40","pseudo 32 batches25,35,40,40,40,40","pseudo 64 batches25,35,40,40,40,40"
final layer output nodes/pure train time,2426240.9998218967,1491812.9732444219,751227.3806376391,403900.3491868184,184654.34395686426,88351.1548698107
all layers input nodes//pure train time,51631782.993053965,60593613.908363804,57604248.70819383,58165274.4203639,49733552.37484472,44271762.94075954
average train time per epoch,0.037482261657714844,0.06096005439758301,0.12105655670166016,0.2251570224761963,0.4924931526184082,1.029313087463379
average number of nodes for computation,1935276.0,3693790.0,6973372.0,13096320.0,24493434.0,45569505.0
average first layer num of input nodes,336050.0,671121.0,1340142.0,2675426.0,5337783.0,10638397.0
redundancy rate (first layer input),1.9949184639038782,3.9840252177165145,7.955584050150487,15.882329195680695,31.68707592028637,63.1535027574457
average load block input feature time per epoch,0.15585684776306152,0.3043668270111084,0.5563817024230957,1.0465576648712158,1.9191577434539795,3.454397439956665
average block to device time per epoch,0.11956429481506348,0.20878958702087402,0.40264177322387695,0.76100754737854,1.4483773708343506,3.019719362258911
average dataloading time per epoch,0.275421142578125,0.5131564140319824,0.9590234756469727,1.8075652122497559,3.36753511428833,6.474116802215576
