arxiv sage,"pseudo 2 batches25,35,40,40,40,40","pseudo 4 batches25,35,40,40,40,40","pseudo 8 batches25,35,40,40,40,40","pseudo 16 batches25,35,40,40,40,40","pseudo 32 batches25,35,40,40,40,40","pseudo 64 batches25,35,40,40,40,40"
final layer output nodes/pure train time,277118.6890598789,268615.44468208123,689925.3523277919,430249.4411590201,112872.49542262284,103698.5866187532
all layers input nodes//pure train time,5897696.734956906,10911802.03624082,52909037.843111224,61956127.69456156,30403119.702763,51968354.94519774
average train time per epoch,0.32816624641418457,0.33855462074279785,0.13181281089782715,0.21136808395385742,0.8056967258453369,0.87697434425354
average number of nodes for computation,1935425.0,3694241.0,6974089.0,13095548.0,24495694.0,45574914.0
average first layer num of input nodes,336100.5,671086.0,1340144.5,2675724.5,5337450.5,10638002.5
redundancy rate (first layer input),1.9956565884476534,3.9846926657799733,7.957346689150675,15.887590846475394,31.692063105643168,63.16503479479385
average load block input feature time per epoch,0.10606551170349121,0.7251946926116943,2.0455708503723145,3.934140920639038,6.916706323623657,13.16793942451477
average block to device time per epoch,0.1274869441986084,0.23046088218688965,0.41233348846435547,0.8007659912109375,1.5737929344177246,2.8375301361083984
average dataloading time per epoch,0.2335524559020996,0.955655574798584,2.45790433883667,4.734906911849976,8.490499258041382,16.00546956062317
