arxiv sage,"pseudo 2 batches25,35,40,40,40","pseudo 4 batches25,35,40,40,40","pseudo 8 batches25,35,40,40,40","pseudo 16 batches25,35,40,40,40","pseudo 32 batches25,35,40,40,40","pseudo 64 batches25,35,40,40,40"
final layer output nodes/pure train time,755873.5463302598,668752.2245571711,933720.5945117623,350540.69782406715,232616.4380944482,116985.5879145769
all layers input nodes//pure train time,13291475.397709595,22218272.51980567,57795971.07505814,40152561.48268913,48997123.701311655,44910175.58967074
average train time per epoch,0.12031245231628418,0.1359860897064209,0.0973963737487793,0.2594306468963623,0.3909482955932617,0.7773692607879639
average number of nodes for computation,1599130.0,3021376.0,5629118.0,10416805.0,19155342.0,34911790.0
average first layer num of input nodes,335635.0,669724.5,1335511.0,2660131.5,5287414.5,10473554.5
redundancy rate (first layer input),1.9938515460242967,3.9785219948317345,7.933650161879585,15.802604924703715,31.410072177503192,62.218519618617634
average load block input feature time per epoch,0.07669520378112793,0.30283617973327637,0.7153611183166504,1.1064515113830566,2.3073179721832275,4.118112564086914
average block to device time per epoch,0.08407831192016602,0.15642070770263672,0.2729151248931885,0.5092697143554688,1.1457018852233887,2.165379047393799
average dataloading time per epoch,0.16077351570129395,0.4592568874359131,0.9882762432098389,1.6157212257385254,3.453019857406616,6.283491611480713
