arxiv sage,"pseudo 2 batches25,35,40,40","pseudo 4 batches25,35,40,40","pseudo 8 batches25,35,40,40","pseudo 16 batches25,35,40,40","pseudo 32 batches25,35,40,40","pseudo 64 batches25,35,40,40"
final layer output nodes/pure train time,,,,5817.674595143159,3284.000769148369,1765.7532444068195
all layers input nodes//pure train time,,,,495737.7032300558,499846.10719481064,472930.1176151846
average train time per epoch,,,,15.631847143173218,27.692137241363525,51.50266623497009
average number of nodes for computation,,,,7749296.0,13841807.0,24357162.0
average first layer num of input nodes,,,,2617688.5,5144523.5,10010525.0
redundancy rate (first layer input),,,,15.569338789396364,30.59830429843396,59.540031285128855
average load block input feature time per epoch,,,,0.42716360092163086,1.2190518379211426,2.4841151237487793
average block to device time per epoch,,,,0.42937493324279785,0.8379185199737549,1.4991850852966309
average dataloading time per epoch,,,,0.8565385341644287,2.0569703578948975,3.98330020904541
