arxiv sage,"pseudo 2 batches25,35,40,40","pseudo 4 batches25,35,40,40","pseudo 8 batches25,35,40,40","pseudo 16 batches25,35,40,40","pseudo 32 batches25,35,40,40","pseudo 64 batches25,35,40,40"
final layer output nodes/pure train time,,,,6322.998998141513,3378.5707073749054,1770.4580448186034
all layers input nodes//pure train time,,,,538805.7161806535,514039.9796863182,474170.4275961162
average train time per epoch,,,,14.38257384300232,26.917003631591797,51.365803480148315
average number of nodes for computation,,,,7749413.0,13836416.0,24356145.0
average first layer num of input nodes,,,,2617964.0,5144259.0,10008824.0
redundancy rate (first layer input),,,,15.570977392628366,30.596731120376372,59.52991417406665
average load block input feature time per epoch,,,,0.6569192409515381,1.311873197555542,2.501121997833252
average block to device time per epoch,,,,0.4586946964263916,0.8219261169433594,1.499467134475708
average dataloading time per epoch,,,,1.1156139373779297,2.1337993144989014,4.00058913230896
