arxiv sage,"pseudo 2 batches25,35,40,40,40","pseudo 4 batches25,35,40,40,40","pseudo 8 batches25,35,40,40,40","pseudo 16 batches25,35,40,40,40","pseudo 32 batches25,35,40,40,40","pseudo 64 batches25,35,40,40,40"
final layer output nodes/pure train time,1610235.5193704856,1701524.7223738914,844701.3804646549,259320.8090464526,242373.88192608324,99977.58964058736
all layers input nodes//pure train time,28321719.886288896,56543435.94853952,52299249.274760224,29701467.3092895,51043007.78767563,38373416.46349166
average train time per epoch,0.05647683143615723,0.05344676971435547,0.10766053199768066,0.350689172744751,0.3752095699310303,0.909613847732544
average number of nodes for computation,1599521.0,3022064.0,5630565.0,10415983.0,19151825.0,34904991.0
average first layer num of input nodes,335645.0,669849.0,1335567.0,2660599.5,5287365.0,10473528.5
redundancy rate (first layer input),1.9940649469469232,3.9795689214719405,7.934595596535212,15.806605791280997,31.4122039899716,62.22317047088319
average load block input feature time per epoch,0.29569077491760254,0.7928252220153809,1.5070984363555908,2.766321897506714,5.28434157371521,8.981001377105713
average block to device time per epoch,0.09621667861938477,0.17184805870056152,0.27115750312805176,0.602208137512207,1.1642553806304932,2.208620071411133
average dataloading time per epoch,0.3919074535369873,0.9646732807159424,1.7782559394836426,3.368530035018921,6.448596954345703,11.189621448516846
