arxiv sage,"pseudo 2 batches25,35,40,40","pseudo 4 batches25,35,40,40","pseudo 8 batches25,35,40,40","pseudo 16 batches25,35,40,40","pseudo 32 batches25,35,40,40","pseudo 64 batches25,35,40,40"
final layer output nodes/pure train time,3689775.1902182326,987877.1870142315,713294.4367723236,487045.0483477195,292755.3762797305,143787.3525459841
all layers input nodes//pure train time,51230873.73471599,25546240.523781776,33668821.39604675,41507478.48547934,44540843.57906871,38506166.36721068
average train time per epoch,0.024646759033203125,0.0920569896697998,0.12749433517456055,0.1867198944091797,0.3106381893157959,0.6324687004089355
average number of nodes for computation,1262675.0,2351710.0,4292584.0,7750272.0,13836087.0,24353945.0
average first layer num of input nodes,334835.0,666754.0,1324075.0,2618706.5,5143815.0,10010003.5
redundancy rate (first layer input),1.991725803477423,3.9661061309952235,7.876101193839857,15.577061262365195,30.59736605735428,59.54330420609947
average load block input feature time per epoch,0.13207173347473145,0.2614438533782959,0.5224857330322266,0.872063159942627,1.401761531829834,2.6402885913848877
average block to device time per epoch,0.06433796882629395,0.13503742218017578,0.21062970161437988,0.3945608139038086,0.6140322685241699,1.3954741954803467
average dataloading time per epoch,0.1964097023010254,0.3964812755584717,0.7331154346466064,1.2666239738464355,2.015793800354004,4.035762786865234
