arxiv sage,"pseudo 2 batches25,35,40,40,40,40","pseudo 4 batches25,35,40,40,40,40","pseudo 8 batches25,35,40,40,40,40","pseudo 16 batches25,35,40,40,40,40","pseudo 32 batches25,35,40,40,40,40","pseudo 64 batches25,35,40,40,40,40"
final layer output nodes/pure train time,2570917.669692987,1389499.184239669,766886.8874180707,393342.2431325962,224480.8096498084,99901.94041307608
all layers input nodes//pure train time,54721157.534458935,56427286.69487672,58802096.28372673,56643289.92547586,60471930.056742534,50062945.05493695
average train time per epoch,0.03537297248840332,0.06544876098632812,0.11858463287353516,0.2312006950378418,0.4051170349121094,0.9103026390075684
average number of nodes for computation,1935650.0,3693096.0,6973025.0,13095968.0,24498209.0,45572431.0
average first layer num of input nodes,336074.5,670972.5,1340279.0,2675703.5,5338844.5,10637571.0
redundancy rate (first layer input),1.995063905065508,3.9831436661858204,7.956397333380824,15.883976539450172,31.693377381227997,63.148599312567896
average load block input feature time per epoch,0.16724085807800293,0.3028552532196045,0.5577859878540039,1.0605459213256836,2.026613712310791,3.5637528896331787
average block to device time per epoch,0.10721826553344727,0.2004232406616211,0.414705753326416,0.7485783100128174,1.4687857627868652,2.912635564804077
average dataloading time per epoch,0.2744591236114502,0.5032784938812256,0.9724917411804199,1.809124231338501,3.4953994750976562,6.476388454437256
